segment_id,0
wellbore_chev_no_14_665,59.933174
wellbore_chev_no_14_681,127.32948
wellbore_chev_no_14_682,120.413635
wellbore_chev_no_14_683,127.38349
wellbore_chev_no_14_684,107.81647
wellbore_chev_no_14_685,82.649254
wellbore_chev_no_14_686,102.357544
wellbore_chev_no_14_687,65.68416
wellbore_chev_no_14_688,83.56499
wellbore_chev_no_14_689,86.95377
wellbore_chev_no_14_690,90.8738
wellbore_chev_no_14_691,107.186035
wellbore_chev_no_14_692,96.74532
wellbore_chev_no_14_693,119.06882
wellbore_chev_no_14_694,116.82002
wellbore_chev_no_14_695,111.658066
wellbore_chev_no_14_696,121.24078
wellbore_chev_no_14_697,106.541916
wellbore_chev_no_14_698,95.074745
wellbore_chev_no_14_699,81.18325
wellbore_chev_no_14_700,114.649796
wellbore_chev_no_14_701,158.65974
wellbore_chev_no_14_702,128.50508
wellbore_chev_no_14_703,128.50508
wellbore_chev_no_14_704,121.49176
wellbore_chev_no_14_705,110.958885
wellbore_chev_no_14_706,114.15381
wellbore_chev_no_14_707,107.33537
wellbore_chev_no_14_708,94.210205
wellbore_chev_no_14_709,102.68783
wellbore_chev_no_14_710,103.21102
wellbore_chev_no_14_711,127.905174
wellbore_chev_no_14_712,131.32695
wellbore_chev_no_14_713,101.688
wellbore_chev_no_14_714,101.688
wellbore_chev_no_14_715,116.68854
wellbore_chev_no_14_716,129.22588
wellbore_chev_no_14_717,120.17215
wellbore_chev_no_14_718,120.18846
wellbore_chev_no_14_719,121.33116
wellbore_chev_no_14_720,131.22603
wellbore_chev_no_14_721,157.27063
wellbore_chev_no_14_722,164.86588
wellbore_chev_no_14_723,176.48764
wellbore_chev_no_14_724,144.52638
wellbore_chev_no_14_725,143.53815
wellbore_chev_no_14_726,146.62387
wellbore_chev_no_14_727,132.63654
wellbore_chev_no_14_728,128.43143
wellbore_chev_no_14_729,124.84762
wellbore_chev_no_14_730,155.67177
wellbore_chev_no_14_731,148.32683
wellbore_chev_no_14_732,136.21562
wellbore_chev_no_14_733,133.83188
wellbore_chev_no_14_734,146.81606
wellbore_chev_no_14_735,109.41158
wellbore_chev_no_14_736,76.37134
wellbore_chev_no_14_737,105.19077
wellbore_chev_no_14_738,105.450966
wellbore_chev_no_14_739,99.37645
wellbore_chev_no_14_740,103.90201
wellbore_chev_no_14_741,100.690285
wellbore_chev_no_14_742,99.17835
wellbore_chev_no_14_743,96.516495
wellbore_chev_no_14_744,96.43888
wellbore_chev_no_14_745,105.995895
wellbore_chev_no_14_746,101.318665
wellbore_chev_no_14_747,103.36057
wellbore_chev_no_14_748,100.77921
wellbore_chev_no_14_749,115.85472
wellbore_chev_no_14_750,99.602325
wellbore_chev_no_14_751,78.54834
wellbore_chev_no_14_752,82.36496
wellbore_chev_no_14_753,89.929245
wellbore_chev_no_14_754,108.99063
wellbore_chev_no_14_755,103.80045
wellbore_chev_no_14_756,111.46516
wellbore_chev_no_14_757,115.481316
wellbore_chev_no_14_758,120.03299
wellbore_chev_no_14_759,115.8667
wellbore_chev_no_14_760,78.61324
wellbore_chev_no_14_761,75.54088
wellbore_chev_no_14_762,75.54088
wellbore_chev_no_14_763,77.85428
wellbore_chev_no_14_764,116.13473
wellbore_chev_no_14_765,119.54627
wellbore_chev_no_14_766,115.79624
wellbore_chev_no_14_767,113.42576
wellbore_chev_no_14_768,71.08061
wellbore_chev_no_14_769,73.83905
wellbore_chev_no_14_770,77.57892
wellbore_chev_no_14_771,94.4347
wellbore_chev_no_14_772,91.417625
wellbore_chev_no_14_773,85.892456
wellbore_chev_no_14_774,94.4347
wellbore_chev_no_14_775,85.08687
wellbore_chev_no_14_776,81.68636
wellbore_chev_no_14_777,125.155785
wellbore_chev_no_14_778,129.2081
wellbore_chev_no_14_779,120.55872
wellbore_chev_no_14_780,104.36946
wellbore_chev_no_14_781,96.600945
wellbore_chev_no_14_782,95.351006
wellbore_chev_no_14_783,98.765526
wellbore_chev_no_14_784,107.412384
wellbore_chev_no_14_785,98.765526
wellbore_chev_no_14_786,100.61894
wellbore_chev_no_14_787,100.303665
wellbore_chev_no_14_788,86.04826
wellbore_chev_no_14_789,95.86682
wellbore_chev_no_14_790,88.22674
wellbore_chev_no_14_791,93.855034
wellbore_chev_no_14_792,112.0337
wellbore_chev_no_14_793,111.58774
wellbore_chev_no_14_794,115.98772
wellbore_chev_no_14_795,108.027084
wellbore_chev_no_14_796,100.99294
wellbore_chev_no_14_797,105.958305
wellbore_chev_no_14_798,93.73479
wellbore_chev_no_14_799,93.490845
wellbore_chev_no_14_800,105.06222
wellbore_chev_no_14_801,110.87621
wellbore_chev_no_14_802,48.465725
wellbore_chev_no_14_803,55.906876
wellbore_chev_no_14_804,52.823277
wellbore_chev_no_14_805,67.60419
wellbore_chev_no_14_806,76.10176
wellbore_chev_no_14_807,72.28396
wellbore_chev_no_14_808,77.4104
wellbore_chev_no_14_809,76.728516
wellbore_chev_no_14_810,73.02362
wellbore_chev_no_14_811,80.751686
wellbore_chev_no_14_812,74.30261
wellbore_chev_no_14_813,77.47838
wellbore_chev_no_14_814,79.1779
wellbore_chev_no_14_815,80.142044
wellbore_chev_no_14_816,75.0608
wellbore_chev_no_14_817,79.85089
wellbore_chev_no_14_818,79.85089
wellbore_chev_no_14_819,74.78904
wellbore_chev_no_14_820,75.41724
wellbore_chev_no_14_821,80.18387
wellbore_chev_no_14_822,73.714294
wellbore_chev_no_14_823,75.32739
wellbore_chev_no_14_824,75.32739
wellbore_chev_no_14_825,74.27667
wellbore_chev_no_14_826,70.75789
wellbore_chev_no_14_827,82.257614
wellbore_chev_no_14_828,84.756325
wellbore_chev_no_14_829,80.03503
wellbore_chev_no_14_830,78.19012
wellbore_chev_no_14_831,69.314804
wellbore_chev_no_14_832,69.74105
wellbore_chev_no_14_833,76.12134
wellbore_chev_no_14_834,83.10332
wellbore_chev_no_14_835,101.671455
wellbore_chev_no_14_836,92.243355
wellbore_chev_no_14_837,91.89659
wellbore_chev_no_14_838,79.036
wellbore_chev_no_14_839,93.60888
wellbore_chev_no_14_840,92.80463
wellbore_chev_no_14_841,106.16505
wellbore_chev_no_14_842,106.049934
wellbore_chev_no_14_843,110.837845
wellbore_chev_no_14_844,76.322525
wellbore_chev_no_14_845,71.13162
wellbore_chev_no_14_846,78.46339
wellbore_chev_no_14_847,83.07434
wellbore_chev_no_14_848,83.07434
wellbore_chev_no_14_849,82.612236
wellbore_chev_no_14_850,82.778175
wellbore_chev_no_14_851,74.54947
wellbore_chev_no_14_852,72.5888
wellbore_chev_no_14_853,64.34663
wellbore_chev_no_14_854,54.09347
wellbore_chev_no_14_855,53.896553
wellbore_chev_no_14_856,90.41895
wellbore_chev_no_14_857,89.51355
wellbore_chev_no_14_858,91.0407
wellbore_chev_no_14_859,93.00259
wellbore_chev_no_14_860,71.01571
wellbore_chev_no_14_861,76.60666
wellbore_chev_no_14_862,77.41266
wellbore_chev_no_14_863,54.96479
wellbore_chev_no_14_864,70.12142
wellbore_chev_no_14_865,68.25629
wellbore_chev_no_14_866,68.11182
wellbore_chev_no_14_867,70.11575
wellbore_chev_no_14_868,55.399006
wellbore_chev_no_14_869,53.758583
wellbore_chev_no_14_870,58.97736
wellbore_chev_no_14_871,79.46126
wellbore_chev_no_14_872,78.7241
wellbore_chev_no_14_873,103.62365
wellbore_chev_no_14_874,103.62365
wellbore_chev_no_14_875,103.38311
wellbore_chev_no_14_876,102.49351
wellbore_chev_no_14_877,102.76318
wellbore_chev_no_14_878,100.60444
wellbore_chev_no_14_879,102.49002
wellbore_chev_no_14_880,96.69035
wellbore_chev_no_14_881,97.234314
wellbore_chev_no_14_882,108.3771
wellbore_chev_no_14_883,104.66433
wellbore_chev_no_14_884,110.445564
wellbore_chev_no_14_885,94.80296
wellbore_chev_no_14_886,109.717606
wellbore_chev_no_14_887,90.518776
wellbore_chev_no_14_888,82.19046
wellbore_chev_no_14_889,87.55857
wellbore_chev_no_14_890,89.02119
wellbore_chev_no_14_891,84.54922
wellbore_chev_no_14_892,87.07486
wellbore_chev_no_14_893,95.467514
wellbore_chev_no_14_894,108.61506
wellbore_chev_no_14_895,108.31269
wellbore_chev_no_14_896,108.31269
wellbore_chev_no_14_897,107.87798
wellbore_chev_no_14_898,106.57268
wellbore_chev_no_14_899,109.52263
wellbore_chev_no_14_900,109.52263
wellbore_chev_no_14_901,98.005516
wellbore_chev_no_14_902,86.79069
wellbore_chev_no_14_903,86.895065
wellbore_chev_no_14_904,84.9712
wellbore_chev_no_14_905,87.05429
wellbore_chev_no_14_906,89.69982
wellbore_chev_no_14_907,73.116165
wellbore_chev_no_14_908,61.789745
wellbore_chev_no_14_909,61.117043
wellbore_chev_no_14_910,68.52358
wellbore_chev_no_14_911,64.83815
wellbore_chev_no_14_912,65.48228
wellbore_chev_no_14_913,66.48811
wellbore_chev_no_14_914,63.378525
wellbore_chev_no_14_915,63.412045
wellbore_chev_no_14_916,67.13978
wellbore_chev_no_14_917,70.47725
wellbore_chev_no_14_918,72.3254
wellbore_chev_no_14_919,73.43209
wellbore_chev_no_14_920,74.122154
wellbore_chev_no_14_921,66.663826
wellbore_chev_no_14_922,66.65183
wellbore_chev_no_14_923,67.087715
wellbore_chev_no_14_924,71.18265
wellbore_chev_no_14_925,71.089554
wellbore_chev_no_14_926,67.087715
wellbore_chev_no_14_927,60.670998
wellbore_chev_no_14_928,62.076286
wellbore_chev_no_14_929,71.667816
wellbore_chev_no_14_930,69.83431
wellbore_chev_no_14_931,74.760994
wellbore_chev_no_14_932,67.151375
wellbore_chev_no_14_933,76.12722
wellbore_chev_no_14_934,77.39781
wellbore_chev_no_14_935,70.45478
wellbore_chev_no_14_936,70.88307
wellbore_chev_no_14_937,73.40549
wellbore_chev_no_14_938,73.66265
wellbore_chev_no_14_939,74.591675
wellbore_chev_no_14_940,69.840675
wellbore_chev_no_14_941,73.16512
wellbore_chev_no_14_942,68.56104
wellbore_chev_no_14_943,66.40298
wellbore_chev_no_14_944,69.69592
wellbore_chev_no_14_945,67.30078
wellbore_chev_no_14_946,69.9712
wellbore_chev_no_14_947,69.095604
wellbore_chev_no_14_948,69.38409
wellbore_chev_no_14_949,61.990536
wellbore_chev_no_14_950,61.990536
wellbore_chev_no_14_951,60.028183
wellbore_chev_no_14_952,61.88156
wellbore_chev_no_14_953,65.055984
wellbore_chev_no_14_954,72.965836
wellbore_chev_no_14_955,70.17825
wellbore_chev_no_14_956,70.64511
wellbore_chev_no_14_957,64.67192
wellbore_chev_no_14_958,63.907066
wellbore_chev_no_14_959,69.26435
wellbore_chev_no_14_960,69.53991
wellbore_chev_no_14_961,69.91472
wellbore_chev_no_14_962,69.446815
wellbore_chev_no_16_732,65.12504
wellbore_chev_no_16_733,64.01221
wellbore_chev_no_16_734,65.843956
wellbore_chev_no_16_735,50.426693
wellbore_chev_no_16_736,59.331326
wellbore_chev_no_16_737,77.49952
wellbore_chev_no_16_738,77.11096
wellbore_chev_no_16_739,68.38552
wellbore_chev_no_16_740,82.301
wellbore_chev_no_16_741,82.047356
wellbore_chev_no_16_742,77.0997
wellbore_chev_no_16_743,72.17333
wellbore_chev_no_16_744,70.28067
wellbore_chev_no_16_745,78.10119
wellbore_chev_no_16_746,84.456
wellbore_chev_no_16_747,86.257935
wellbore_chev_no_16_748,83.25819
wellbore_chev_no_16_749,81.74415
wellbore_chev_no_16_750,83.43436
wellbore_chev_no_16_751,83.43436
wellbore_chev_no_16_752,81.0426
wellbore_chev_no_16_753,83.234764
wellbore_chev_no_16_754,81.31326
wellbore_chev_no_16_755,78.09413
wellbore_chev_no_16_756,79.691246
wellbore_chev_no_16_757,82.517494
wellbore_chev_no_16_758,81.59848
wellbore_chev_no_16_759,81.3714
wellbore_chev_no_16_760,66.55454
wellbore_chev_no_16_761,68.2915
wellbore_chev_no_16_762,84.23221
wellbore_chev_no_16_763,80.50552
wellbore_chev_no_16_764,58.90585
wellbore_chev_no_16_765,53.61377
wellbore_chev_no_16_766,58.879887
wellbore_chev_no_16_767,83.1821
wellbore_chev_no_16_768,79.392235
wellbore_chev_no_16_769,78.32977
wellbore_chev_no_16_770,54.77438
wellbore_chev_no_16_771,55.330982
wellbore_chev_no_16_772,78.627335
wellbore_chev_no_16_773,78.53424
wellbore_chev_no_16_774,79.98476
wellbore_chev_no_16_775,55.096046
wellbore_chev_no_16_776,55.330982
wellbore_chev_no_16_777,57.65578
wellbore_chev_no_16_778,56.916073
wellbore_chev_no_16_779,55.872166
wellbore_chev_no_16_780,60.516857
wellbore_chev_no_16_781,78.1063
wellbore_chev_no_16_782,77.40616
wellbore_chev_no_16_783,60.1557
wellbore_chev_no_16_784,52.665073
wellbore_chev_no_16_785,75.535934
wellbore_chev_no_16_786,81.84963
wellbore_chev_no_16_787,92.11152
wellbore_chev_no_16_788,98.04636
wellbore_chev_no_16_789,101.7224
wellbore_chev_no_16_790,101.47241
wellbore_chev_no_16_791,101.11173
wellbore_chev_no_16_792,77.490486
wellbore_chev_no_16_793,98.482185
wellbore_chev_no_16_794,98.86657
wellbore_chev_no_16_795,98.71902
wellbore_chev_no_16_796,99.54227
wellbore_chev_no_16_797,97.724525
wellbore_chev_no_16_798,94.75455
wellbore_chev_no_16_799,94.606995
wellbore_chev_no_16_800,78.35806
wellbore_chev_no_16_801,53.94765
wellbore_chev_no_16_802,54.37077
wellbore_chev_no_16_803,65.22291
wellbore_chev_no_16_804,82.23893
wellbore_chev_no_16_805,72.38421
wellbore_chev_no_16_806,71.85487
wellbore_chev_no_16_807,72.38421
wellbore_chev_no_16_808,72.99155
wellbore_chev_no_16_809,57.230446
wellbore_chev_no_16_810,58.545338
wellbore_chev_no_16_811,58.34448
wellbore_chev_no_16_812,58.474895
wellbore_chev_no_16_813,58.329853
wellbore_chev_no_16_814,58.27732
wellbore_chev_no_16_815,57.71271
wellbore_chev_no_16_816,68.578285
wellbore_chev_no_16_817,68.67138
wellbore_chev_no_16_818,67.1183
wellbore_chev_no_16_819,68.27108
wellbore_chev_no_16_820,58.43953
wellbore_chev_no_16_821,56.81261
wellbore_chev_no_16_822,55.222446
wellbore_chev_no_16_823,55.890903
wellbore_chev_no_16_824,59.045467
wellbore_chev_no_16_825,56.328392
wellbore_chev_no_16_826,56.578957
wellbore_chev_no_16_827,55.013664
wellbore_chev_no_16_828,55.941338
wellbore_chev_no_16_829,55.426327
wellbore_chev_no_16_830,70.93297
wellbore_chev_no_16_831,72.069275
wellbore_chev_no_16_832,70.1015
wellbore_chev_no_16_833,70.49632
wellbore_chev_no_16_834,58.311153
wellbore_chev_no_16_835,54.713512
wellbore_chev_no_16_836,49.291534
wellbore_chev_no_16_837,51.52825
wellbore_chev_no_16_838,52.6808
wellbore_chev_no_16_839,50.194733
wellbore_chev_no_16_840,52.507454
wellbore_chev_no_16_841,75.232086
wellbore_chev_no_16_842,73.11943
wellbore_chev_no_16_843,53.66759
wellbore_chev_no_16_844,51.52825
wellbore_chev_no_16_845,47.016083
wellbore_chev_no_16_846,47.720543
wellbore_chev_no_16_847,50.074997
wellbore_chev_no_16_848,53.192238
wellbore_chev_no_16_849,49.23401
wellbore_chev_no_16_850,45.231693
wellbore_chev_no_16_851,45.590084
wellbore_chev_no_16_852,50.54903
wellbore_chev_no_16_853,45.120476
wellbore_chev_no_16_854,45.792377
wellbore_chev_no_16_855,47.95581
wellbore_chev_no_16_856,51.712475
wellbore_chev_no_16_857,51.803913
wellbore_chev_no_16_858,54.832783
wellbore_chev_no_19_158,62.054688
wellbore_chev_no_19_159,56.61829
wellbore_chev_no_19_160,62.054688
wellbore_chev_no_19_161,42.76707
wellbore_chev_no_19_162,42.76707
wellbore_chev_no_19_163,45.29137
wellbore_chev_no_19_164,47.983784
wellbore_chev_no_19_166,42.76707
wellbore_chev_no_19_167,45.29137
wellbore_chev_no_19_168,42.76707
wellbore_chev_no_19_169,42.54738
wellbore_chev_no_19_170,42.76707
wellbore_chev_no_19_171,46.22788
wellbore_chev_no_19_172,45.29137
wellbore_chev_no_19_173,42.54738
wellbore_chev_no_19_174,42.76707
wellbore_chev_no_19_175,38.30274
wellbore_chev_no_19_176,36.639263
wellbore_chev_no_19_177,42.76707
wellbore_chev_no_19_178,45.29137
wellbore_chev_no_19_179,44.357685
wellbore_chev_no_19_180,37.83094
wellbore_chev_no_19_181,38.30274
wellbore_chev_no_19_182,42.76707
wellbore_chev_no_19_183,42.76707
wellbore_chev_no_19_184,36.737785
wellbore_chev_no_19_185,45.728085
wellbore_chev_no_19_186,42.76707
wellbore_chev_no_19_187,42.76707
wellbore_chev_no_19_188,42.54738
wellbore_chev_no_19_189,42.76707
wellbore_chev_no_19_190,45.29137
wellbore_chev_no_19_191,45.29137
wellbore_chev_no_19_192,44.357685
wellbore_chev_no_19_193,41.863808
wellbore_chev_no_19_194,47.096954
wellbore_chev_no_19_195,47.548317
wellbore_chev_no_19_196,41.309742
wellbore_chev_no_19_197,47.548317
wellbore_chev_no_19_198,40.830215
wellbore_chev_no_19_199,40.77978
wellbore_chev_no_19_200,39.882744
wellbore_chev_no_19_201,40.559685
wellbore_chev_no_19_202,41.863808
wellbore_chev_no_19_203,41.90412
wellbore_chev_no_19_204,45.157055
wellbore_chev_no_19_205,38.89621
wellbore_chev_no_19_206,47.548317
wellbore_chev_no_19_207,41.309742
wellbore_chev_no_19_208,41.309742
wellbore_chev_no_19_209,38.99473
wellbore_chev_no_19_210,39.882744
wellbore_chev_no_19_211,54.032486
wellbore_chev_no_19_212,49.7735
wellbore_chev_no_19_213,43.490746
wellbore_chev_no_19_214,40.994667
wellbore_chev_no_19_215,38.99473
wellbore_chev_no_19_216,39.19564
wellbore_chev_no_19_217,40.77978
wellbore_chev_no_19_218,41.90412
wellbore_chev_no_19_219,44.022972
wellbore_chev_no_19_220,44.077587
wellbore_chev_no_19_221,44.077587
wellbore_chev_no_19_222,44.268154
wellbore_chev_no_19_223,51.203472
wellbore_chev_no_19_224,46.94834
wellbore_chev_no_19_225,44.630802
wellbore_chev_no_19_226,52.462364
wellbore_chev_no_19_227,45.45202
wellbore_chev_no_19_228,45.187466
wellbore_chev_no_19_229,44.397423
wellbore_chev_no_19_230,42.540794
wellbore_chev_no_19_231,46.571205
wellbore_chev_no_19_232,45.63326
wellbore_chev_no_19_233,44.892475
wellbore_chev_no_19_234,45.63326
wellbore_chev_no_19_235,45.45202
wellbore_chev_no_19_236,47.13197
wellbore_chev_no_19_237,45.527046
wellbore_chev_no_19_238,45.955723
wellbore_chev_no_19_239,50.315395
wellbore_chev_no_19_240,45.33648
wellbore_chev_no_19_241,43.799686
wellbore_chev_no_19_242,45.889694
wellbore_chev_no_19_243,42.540794
wellbore_chev_no_19_244,44.477688
wellbore_chev_no_19_245,44.37696
wellbore_chev_no_19_246,45.312313
wellbore_chev_no_19_247,58.66465
wellbore_chev_no_19_248,53.735317
wellbore_chev_no_19_249,43.948505
wellbore_chev_no_19_250,43.948505
wellbore_chev_no_19_251,53.03144
wellbore_chev_no_19_252,53.03144
wellbore_chev_no_19_253,44.50656
wellbore_chev_no_19_254,50.815037
wellbore_chev_no_19_255,53.735317
wellbore_chev_no_19_256,45.1408
wellbore_chev_no_19_257,49.204388
wellbore_chev_no_19_258,45.728416
wellbore_chev_no_19_259,42.540794
wellbore_chev_no_19_260,44.820965
wellbore_chev_no_19_261,44.477688
wellbore_chev_no_19_262,49.204388
wellbore_chev_no_19_263,46.015617
wellbore_chev_no_19_264,42.540794
wellbore_chev_no_19_265,44.820965
wellbore_chev_no_19_266,44.50656
wellbore_chev_no_19_267,50.815037
wellbore_chev_no_19_268,40.53649
wellbore_chev_no_19_269,74.65484
wellbore_chev_no_19_270,67.19397
wellbore_chev_no_19_271,67.885864
wellbore_chev_no_19_272,74.47751
wellbore_chev_no_19_273,74.52031
wellbore_chev_no_19_274,74.52031
wellbore_chev_no_19_275,67.87808
wellbore_chev_no_19_276,73.33518
wellbore_chev_no_19_277,73.98171
wellbore_chev_no_19_278,74.47751
wellbore_chev_no_19_279,68.747406
wellbore_chev_no_19_280,74.50067
wellbore_chev_no_19_281,71.64706
wellbore_chev_no_19_282,73.98171
wellbore_chev_no_19_283,74.52031
wellbore_chev_no_19_284,68.747406
wellbore_chev_no_19_285,69.30243
wellbore_chev_no_19_286,73.06426
wellbore_chev_no_19_287,72.390045
wellbore_chev_no_19_288,74.471176
wellbore_chev_no_19_289,71.4339
wellbore_chev_no_19_290,70.69091
wellbore_chev_no_19_291,73.06426
wellbore_chev_no_19_292,71.4339
wellbore_chev_no_19_293,73.56416
wellbore_chev_no_19_294,70.69091
wellbore_chev_no_19_295,72.069664
wellbore_chev_no_19_296,73.98171
wellbore_chev_no_19_297,71.4339
wellbore_chev_no_19_298,72.108116
wellbore_chev_no_19_299,71.64706
wellbore_chev_no_19_300,73.06426
wellbore_chev_no_19_301,75.45682
wellbore_chev_no_19_302,73.51503
wellbore_chev_no_19_303,72.96908
wellbore_chev_no_19_304,72.96908
wellbore_chev_no_19_305,75.303734
wellbore_chev_no_19_306,68.19781
wellbore_chev_no_19_307,58.238075
wellbore_chev_no_19_308,61.41407
wellbore_chev_no_19_309,69.11605
wellbore_chev_no_19_310,75.84233
wellbore_chev_no_19_311,71.378265
wellbore_chev_no_19_312,57.591545
wellbore_chev_no_19_313,58.238075
wellbore_chev_no_19_314,60.64805
wellbore_chev_no_19_315,53.572918
wellbore_chev_no_19_316,61.91321
wellbore_chev_no_19_317,62.49782
wellbore_chev_no_19_318,61.669502
wellbore_chev_no_19_319,60.64805
wellbore_chev_no_19_320,55.070015
wellbore_chev_no_19_321,57.591545
wellbore_chev_no_19_322,58.238075
wellbore_chev_no_19_323,53.86779
wellbore_chev_no_19_324,73.295525
wellbore_chev_no_19_325,75.81987
wellbore_chev_no_19_326,77.901
wellbore_chev_no_19_327,58.309715
wellbore_chev_no_19_328,76.55986
wellbore_chev_no_19_329,74.60329
wellbore_chev_no_19_330,73.81397
wellbore_chev_no_19_331,56.957314
wellbore_chev_no_19_332,53.84345
wellbore_chev_no_19_333,53.383423
wellbore_chev_no_19_334,60.732994
wellbore_chev_no_19_335,53.10112
wellbore_chev_no_19_336,54.011723
wellbore_chev_no_19_337,63.11779
wellbore_chev_no_19_338,85.00154
wellbore_chev_no_19_339,78.92302
wellbore_chev_no_19_340,81.30933
wellbore_chev_no_19_341,53.572918
wellbore_chev_no_19_342,53.383423
wellbore_chev_no_19_343,81.315575
wellbore_chev_no_19_344,80.32993
wellbore_chev_no_19_345,65.64046
wellbore_chev_no_19_346,62.84986
wellbore_chev_no_19_347,85.00154
wellbore_chev_no_19_348,85.98718
wellbore_chev_no_19_349,85.00154
wellbore_chev_no_19_350,79.0206
wellbore_chev_no_19_351,78.74973
wellbore_chev_no_19_352,83.59463
wellbore_chev_no_19_353,65.92421
wellbore_chev_no_19_354,55.005302
wellbore_chev_no_19_355,76.35275
wellbore_chev_no_19_356,68.859184
wellbore_chev_no_19_357,60.64805
wellbore_chev_no_19_358,53.668076
wellbore_chev_no_19_359,51.981483
wellbore_chev_no_19_360,50.606026
wellbore_chev_no_19_361,59.179386
wellbore_chev_no_19_362,50.19652
wellbore_chev_no_19_363,72.8315
wellbore_chev_no_19_364,77.61865
wellbore_chev_no_19_365,67.499374
wellbore_chev_no_19_366,58.885742
wellbore_chev_no_19_367,52.51153
wellbore_chev_no_19_368,52.51153
wellbore_chev_no_19_369,51.289677
wellbore_chev_no_19_370,56.426632
wellbore_chev_no_19_371,59.85806
wellbore_chev_no_19_372,58.92155
wellbore_chev_no_19_373,52.20028
wellbore_chev_no_19_374,58.878746
wellbore_chev_no_19_375,52.262173
wellbore_chev_no_19_376,54.231068
wellbore_chev_no_19_377,52.544476
wellbore_chev_no_19_378,51.169018
wellbore_chev_no_19_379,59.8091
wellbore_chev_no_19_380,53.0045
wellbore_chev_no_19_381,52.544476
wellbore_chev_no_19_382,52.544476
wellbore_chev_no_19_383,57.399128
wellbore_chev_no_19_384,59.851242
wellbore_chev_no_19_385,59.8091
wellbore_chev_no_19_386,52.73397
wellbore_chev_no_19_387,52.544476
wellbore_chev_no_19_388,92.74333
wellbore_chev_no_19_389,94.45365
wellbore_chev_no_19_390,81.01902
wellbore_chev_no_19_391,96.65968
wellbore_chev_no_19_392,105.6517
wellbore_chev_no_19_393,138.25977
wellbore_chev_no_19_394,138.25977
wellbore_chev_no_19_395,118.67322
wellbore_chev_no_19_396,153.01279
wellbore_chev_no_19_397,157.94182
wellbore_chev_no_19_398,164.8937
wellbore_chev_no_19_399,165.61618
wellbore_chev_no_19_400,171.70224
wellbore_chev_no_19_401,171.70224
wellbore_chev_no_19_402,185.28668
wellbore_chev_no_19_403,193.88432
wellbore_chev_no_19_404,186.22879
wellbore_chev_no_19_405,186.94908
wellbore_chev_no_19_406,186.94908
wellbore_chev_no_19_407,186.94908
wellbore_chev_no_19_408,188.15555
wellbore_chev_no_19_409,187.32881
wellbore_chev_no_19_410,187.32881
wellbore_chev_no_19_411,187.32881
wellbore_chev_no_19_412,187.32881
wellbore_chev_no_19_413,187.32881
wellbore_chev_no_19_414,187.87846
wellbore_chev_no_19_415,187.87846
wellbore_chev_no_19_416,187.87846
wellbore_chev_no_19_417,187.87846
wellbore_chev_no_19_418,187.87846
wellbore_chev_no_19_419,187.87846
wellbore_chev_no_19_420,187.87846
wellbore_chev_no_19_421,187.87846
wellbore_chev_no_19_422,187.34636
wellbore_chev_no_19_423,187.34636
wellbore_chev_no_19_424,187.34636
wellbore_chev_no_19_425,187.34636
wellbore_chev_no_19_426,186.57703
wellbore_chev_no_19_427,185.2676
wellbore_chev_no_19_428,184.9107
wellbore_chev_no_19_429,182.50821
wellbore_chev_no_19_430,181.92299
wellbore_chev_no_19_431,182.8651
wellbore_chev_no_19_432,178.37827
wellbore_chev_no_19_433,178.37827
wellbore_chev_no_19_434,178.37827
wellbore_chev_no_19_435,174.49448
wellbore_chev_no_19_436,174.49448
wellbore_chev_no_19_437,174.49448
wellbore_chev_no_19_438,174.49448
wellbore_chev_no_19_439,173.55237
wellbore_chev_no_19_440,177.17938
wellbore_chev_no_19_441,177.17938
wellbore_chev_no_19_442,177.66208
wellbore_chev_no_19_443,173.47795
wellbore_chev_no_19_444,172.53584
wellbore_chev_no_19_445,173.47795
wellbore_chev_no_19_446,179.50003
wellbore_chev_no_19_447,179.50003
wellbore_chev_no_19_448,178.18494
wellbore_chev_no_19_449,178.86732
wellbore_chev_no_19_450,178.86732
wellbore_chev_no_19_451,183.27357
wellbore_chev_no_19_452,183.27357
wellbore_chev_no_19_453,185.82045
wellbore_chev_no_19_454,186.10536
wellbore_chev_no_19_455,186.4644
wellbore_chev_no_19_456,186.4644
wellbore_chev_no_19_457,190.68468
wellbore_chev_no_19_458,190.78185
wellbore_chev_no_19_459,192.07185
wellbore_chev_no_19_460,192.07185
wellbore_chev_no_19_461,192.07185
wellbore_chev_no_19_462,188.75436
wellbore_chev_no_19_463,188.75436
wellbore_chev_no_19_464,188.75436
wellbore_chev_no_19_465,188.75436
wellbore_chev_no_19_466,196.66962
wellbore_chev_no_19_467,188.75436
wellbore_chev_no_19_468,188.75436
wellbore_chev_no_19_469,188.75436
wellbore_chev_no_19_470,191.2991
wellbore_chev_no_19_471,191.98149
wellbore_chev_no_19_472,190.90996
wellbore_chev_no_19_473,190.90996
wellbore_chev_no_19_474,190.90996
wellbore_chev_no_19_475,190.55092
wellbore_chev_no_19_476,184.55856
wellbore_chev_no_19_477,184.55856
wellbore_chev_no_19_478,185.8054
wellbore_chev_no_19_479,187.23357
wellbore_chev_no_19_480,185.8054
wellbore_chev_no_19_481,185.8054
wellbore_chev_no_19_482,185.8054
wellbore_chev_no_19_483,185.8054
wellbore_chev_no_19_484,186.81253
wellbore_chev_no_19_485,186.81253
wellbore_chev_no_19_486,186.81253
wellbore_chev_no_19_487,186.81253
wellbore_chev_no_19_488,186.44464
wellbore_chev_no_19_489,186.81253
wellbore_chev_no_19_490,186.07672
wellbore_chev_no_19_491,186.07672
wellbore_chev_no_19_492,184.8518
wellbore_chev_no_19_493,184.8518
wellbore_chev_no_19_494,184.8518
wellbore_chev_no_19_495,183.35915
wellbore_chev_no_19_496,183.35915
wellbore_chev_no_19_497,184.22087
wellbore_chev_no_19_498,184.35594
wellbore_chev_no_19_499,184.35594
wellbore_chev_no_19_500,184.35594
wellbore_chev_no_19_501,184.6119
wellbore_chev_no_19_502,161.50325
wellbore_chev_no_19_503,156.96234
wellbore_chev_no_19_504,184.6119
wellbore_chev_no_19_505,184.6119
wellbore_chev_no_19_506,182.83986
wellbore_chev_no_19_507,183.42508
wellbore_chev_no_19_508,186.07355
wellbore_chev_no_19_509,186.07355
wellbore_chev_no_19_510,186.07355
wellbore_chev_no_19_511,186.30304
wellbore_chev_no_19_512,187.02568
wellbore_chev_no_19_513,187.02568
wellbore_chev_no_19_514,187.02568
wellbore_chev_no_19_515,194.65363
wellbore_chev_no_19_516,194.65363
wellbore_chev_no_19_517,186.30304
wellbore_chev_no_19_518,186.98582
wellbore_chev_no_19_519,185.67796
wellbore_chev_no_19_520,185.67796
wellbore_chev_no_19_521,186.85498
wellbore_chev_no_19_522,188.16284
wellbore_chev_no_19_523,195.79079
wellbore_chev_no_19_524,187.4402
wellbore_chev_no_19_525,188.16284
wellbore_chev_no_19_526,188.16284
wellbore_chev_no_19_527,188.16284
wellbore_chev_no_19_528,193.76906
wellbore_chev_no_19_529,184.83325
wellbore_chev_no_19_530,186.14111
wellbore_chev_no_19_531,186.51678
wellbore_chev_no_19_532,186.51678
wellbore_chev_no_19_533,185.20892
wellbore_chev_no_19_534,186.56561
wellbore_chev_no_19_535,186.56561
wellbore_chev_no_19_536,186.56561
wellbore_chev_no_19_537,181.80771
wellbore_chev_no_19_538,182.53035
wellbore_chev_no_19_539,178.6398
wellbore_chev_no_19_540,178.99606
wellbore_chev_no_19_541,183.88037
wellbore_chev_no_19_542,183.88037
wellbore_chev_no_19_543,191.20708
wellbore_chev_no_19_544,183.88037
wellbore_chev_no_19_545,183.88037
wellbore_chev_no_19_546,171.43408
wellbore_chev_no_19_547,177.6763
wellbore_chev_no_19_548,180.12482
wellbore_chev_no_19_549,182.18845
wellbore_chev_no_19_550,180.2409
wellbore_chev_no_19_551,177.85606
wellbore_chev_no_19_552,178.93947
wellbore_chev_no_19_553,179.66211
wellbore_chev_no_19_554,179.66211
wellbore_chev_no_19_555,179.13818
wellbore_chev_no_19_556,180.19424
wellbore_chev_no_19_557,180.77946
wellbore_chev_no_19_558,182.84056
wellbore_chev_no_19_559,190.91133
wellbore_chev_no_19_560,182.11792
wellbore_chev_no_19_561,182.11792
wellbore_chev_no_19_562,184.05832
wellbore_chev_no_19_563,184.05832
wellbore_chev_no_19_564,171.57945
wellbore_chev_no_19_565,191.96265
wellbore_chev_no_19_566,183.31018
wellbore_chev_no_19_567,183.8954
wellbore_chev_no_19_568,179.13924
wellbore_chev_no_19_569,180.14168
wellbore_chev_no_19_570,180.24763
wellbore_chev_no_19_571,191.96265
wellbore_chev_no_19_572,182.02943
wellbore_chev_no_19_573,162.34807
wellbore_chev_no_19_574,172.71207
wellbore_chev_no_19_575,173.94655
wellbore_chev_no_19_576,178.19641
wellbore_chev_no_19_577,172.3798
wellbore_chev_no_19_578,181.992
wellbore_chev_no_19_579,188.02501
wellbore_chev_no_19_580,187.96129
wellbore_chev_no_19_581,178.34909
wellbore_chev_no_19_582,163.59462
wellbore_chev_no_19_583,163.59462
wellbore_chev_no_19_584,164.88174
wellbore_chev_no_19_585,167.75658
wellbore_chev_no_19_586,164.75946
wellbore_chev_no_19_587,169.85188
wellbore_chev_no_19_588,178.18388
wellbore_chev_no_19_589,187.8598
wellbore_chev_no_19_590,170.73874
wellbore_chev_no_19_591,172.91925
wellbore_chev_no_19_592,186.92355
wellbore_chev_no_19_593,186.92484
wellbore_chev_no_19_594,184.07677
wellbore_chev_no_19_595,169.84267
wellbore_chev_no_19_596,173.4759
wellbore_chev_no_19_597,177.1133
wellbore_chev_no_19_598,182.87746
wellbore_chev_no_19_599,171.79507
wellbore_chev_no_19_600,162.542
wellbore_chev_no_19_601,168.99158
wellbore_chev_no_19_602,168.99158
wellbore_chev_no_19_603,180.97571
wellbore_chev_no_19_604,150.38956
wellbore_chev_no_19_605,177.11356
wellbore_chev_no_19_606,187.08318
wellbore_chev_no_19_607,187.08318
wellbore_chev_no_19_608,177.21442
wellbore_chev_no_19_609,165.83661
wellbore_chev_no_19_610,171.4199
wellbore_chev_no_19_611,177.69466
wellbore_chev_no_19_612,188.98444
wellbore_chev_no_19_613,167.55838
wellbore_chev_no_19_614,169.23358
wellbore_chev_no_19_615,167.95538
wellbore_chev_no_19_616,163.098
wellbore_chev_no_19_617,164.65457
wellbore_chev_no_19_618,161.94086
wellbore_chev_no_19_619,164.38612
wellbore_chev_no_19_620,167.13687
wellbore_chev_no_19_621,167.82458
wellbore_chev_no_19_622,164.67683
wellbore_chev_no_19_623,164.54227
wellbore_chev_no_19_624,163.98833
wellbore_chev_no_19_625,176.63556
wellbore_chev_no_19_626,161.1352
wellbore_chev_no_19_627,161.56357
wellbore_chev_no_19_628,160.00539
wellbore_chev_no_19_629,162.6578
wellbore_chev_no_19_630,158.40497
wellbore_chev_no_19_631,147.9214
wellbore_chev_no_19_632,160.01355
wellbore_chev_no_19_633,161.47913
wellbore_chev_no_19_634,170.65988
wellbore_chev_no_19_635,159.21312
wellbore_chev_no_19_636,169.30574
wellbore_chev_no_19_637,172.9623
wellbore_chev_no_19_638,167.5633
wellbore_chev_no_19_639,158.44344
wellbore_chev_no_19_640,158.44344
wellbore_chev_no_19_641,158.44344
wellbore_chev_no_19_642,158.44344
wellbore_chev_no_19_643,137.27182
wellbore_chev_no_19_644,77.76648
wellbore_chev_no_19_645,73.28968
wellbore_chev_no_19_646,94.38644
wellbore_chev_no_19_647,109.88589
wellbore_chev_no_19_648,108.299934
wellbore_chev_no_19_649,113.04252
wellbore_chev_no_19_650,86.430145
wellbore_chev_no_19_651,82.06117
wellbore_chev_no_19_652,76.13921
wellbore_chev_no_19_653,83.63743
wellbore_chev_no_19_654,64.74464
wellbore_chev_no_19_655,64.83539
wellbore_chev_no_19_656,63.226505
wellbore_chev_no_19_657,80.72391
wellbore_chev_no_19_658,64.82143
wellbore_chev_no_19_659,66.53049
wellbore_chev_no_19_660,82.11719
wellbore_chev_no_19_661,64.622185
wellbore_chev_no_19_662,64.551
wellbore_chev_no_19_663,64.14353
wellbore_chev_no_19_664,64.487755
wellbore_chev_no_19_665,66.389534
wellbore_chev_no_19_666,65.471504
wellbore_chev_no_19_667,65.54673
wellbore_chev_no_19_668,65.42237
wellbore_chev_no_19_669,65.42237
wellbore_chev_no_19_670,69.62249
wellbore_chev_no_19_671,69.74684
wellbore_chev_no_19_672,69.74684
wellbore_chev_no_19_673,68.21697
wellbore_chev_no_19_674,74.38988
wellbore_chev_no_19_675,68.45069
wellbore_chev_no_19_676,65.50732
wellbore_chev_no_19_677,68.21697
wellbore_chev_no_19_678,56.321873
wellbore_chev_no_19_679,82.09517
wellbore_chev_no_19_680,82.74188
wellbore_chev_no_19_681,85.000824
wellbore_chev_no_19_682,64.63271
wellbore_chev_no_19_683,96.77128
wellbore_chev_no_19_684,81.23726
wellbore_chev_no_19_685,83.09424
wellbore_chev_no_19_686,71.90842
wellbore_chev_no_19_687,66.1557
wellbore_chev_no_19_688,75.81146
wellbore_chev_no_19_689,77.862564
wellbore_chev_no_19_690,90.80014
wellbore_chev_no_19_691,84.05438
wellbore_chev_no_19_692,100.36583
wellbore_chev_no_19_693,99.41154
wellbore_chev_no_19_694,101.399475
wellbore_chev_no_19_695,74.88453
wellbore_chev_no_19_696,78.715485
wellbore_chev_no_19_697,90.30608
wellbore_chev_no_19_698,98.036674
wellbore_chev_no_19_699,78.593506
wellbore_chev_no_19_700,69.118095
wellbore_chev_no_19_701,74.59731
wellbore_chev_no_19_702,77.830025
wellbore_chev_no_19_703,80.81416
wellbore_chev_no_19_704,69.41204
wellbore_chev_no_19_705,74.45383
wellbore_chev_no_19_706,74.45383
wellbore_chev_no_19_707,85.99868
wellbore_chev_no_19_708,85.99868
wellbore_chev_no_19_709,77.15924
wellbore_chev_no_19_710,86.35278
wellbore_chev_no_19_711,87.000496
wellbore_chev_no_19_712,97.731636
wellbore_chev_no_19_713,77.74119
wellbore_chev_no_19_714,101.27392
wellbore_chev_no_19_715,100.6846
wellbore_chev_no_19_716,110.403694
wellbore_chev_no_19_717,110.403694
wellbore_chev_no_19_718,100.6846
wellbore_chev_no_19_719,94.504166
wellbore_chev_no_19_720,111.98171
wellbore_chev_no_19_721,110.55862
wellbore_chev_no_19_722,107.84898
wellbore_chev_no_19_723,99.136
wellbore_chev_no_19_724,99.136
wellbore_chev_no_19_725,101.70739
wellbore_chev_no_19_726,99.70232
wellbore_chev_no_19_727,96.559044
wellbore_chev_no_19_728,80.200264
wellbore_chev_no_19_729,71.95924
wellbore_chev_no_19_730,60.635902
wellbore_chev_no_19_731,61.20105
wellbore_chev_no_19_732,60.709286
wellbore_chev_no_19_733,60.31134
wellbore_chev_no_19_734,86.61396
wellbore_chev_no_19_735,69.54459
wellbore_chev_no_19_736,64.35757
wellbore_chev_no_19_737,82.71407
wellbore_chev_no_19_738,77.01215
wellbore_chev_no_19_739,83.14305
wellbore_chev_no_19_740,72.151436
wellbore_chev_no_19_741,86.570724
wellbore_chev_no_19_742,90.572365
wellbore_chev_no_19_743,86.33316
wellbore_chev_no_19_744,91.15184
wellbore_chev_no_19_745,77.20244
wellbore_chev_no_19_746,76.79006
wellbore_chev_no_19_747,92.352905
wellbore_chev_no_19_748,89.963
wellbore_chev_no_19_749,67.044136
wellbore_chev_no_19_750,58.98983
wellbore_chev_no_19_751,62.895992
wellbore_chev_no_19_752,63.74731
wellbore_chev_no_19_753,67.66599
wellbore_chev_no_19_754,75.95255
wellbore_chev_no_19_755,89.285416
wellbore_chev_no_19_756,91.35178
wellbore_chev_no_19_757,91.833755
wellbore_chev_no_19_758,85.666374
wellbore_chev_no_19_759,83.95602
wellbore_chev_no_19_760,83.86292
wellbore_chev_no_19_761,86.20083
wellbore_chev_no_19_762,82.77639
wellbore_chev_no_19_763,83.57821
wellbore_chev_no_19_764,83.57821
wellbore_chev_no_19_765,84.9802
wellbore_chev_no_19_766,87.76524
wellbore_chev_no_19_767,60.433582
wellbore_chev_no_19_768,86.68242
wellbore_chev_no_19_769,90.84284
wellbore_chev_no_19_770,90.084816
wellbore_chev_no_19_771,82.01323
wellbore_chev_no_19_772,84.024925
wellbore_chev_no_19_773,84.092896
wellbore_chev_no_19_774,54.3326
wellbore_chev_no_19_775,53.820274
wellbore_chev_no_19_776,54.79867
wellbore_chev_no_19_777,65.80947
wellbore_chev_no_19_778,79.95115
wellbore_chev_no_19_779,79.95115
wellbore_chev_no_19_780,55.11313
wellbore_chev_no_19_781,67.86709
wellbore_chev_no_19_782,81.8669
wellbore_chev_no_19_783,82.07253
wellbore_chev_no_19_784,81.59919
wellbore_chev_no_19_785,63.961655
wellbore_chev_no_19_786,55.186512
wellbore_chev_no_19_787,81.8669
wellbore_chev_no_19_788,79.84526
wellbore_chev_no_19_789,74.47956
wellbore_chev_no_19_790,62.96773
wellbore_chev_no_19_791,65.80998
wellbore_chev_no_19_792,72.43124
wellbore_chev_no_19_793,74.74634
wellbore_chev_no_19_794,65.31505
wellbore_chev_no_19_795,74.59248
wellbore_chev_no_19_796,78.61084
wellbore_chev_no_19_797,66.35323
wellbore_chev_no_19_798,68.78157
wellbore_chev_no_19_799,72.59697
wellbore_chev_no_19_800,72.664894
wellbore_chev_no_19_801,72.45915
wellbore_chev_no_19_802,64.95538
wellbore_chev_no_19_803,68.773705
wellbore_chev_no_19_804,68.431366
wellbore_chev_no_19_805,55.615047
wellbore_chev_no_19_806,55.650978
wellbore_chev_no_19_807,62.732143
wellbore_chev_no_19_808,63.649586
wellbore_chev_no_19_809,63.649586
wellbore_chev_no_19_810,66.28536
wellbore_chev_no_19_811,58.630123
wellbore_chev_no_19_812,69.58714
wellbore_chev_no_19_813,69.61171
wellbore_chev_no_19_814,63.579414
wellbore_chev_no_19_815,62.4948
wellbore_chev_no_19_816,61.21506
wellbore_chev_no_19_817,61.38141
wellbore_chev_no_7_277,44.742138
wellbore_chev_no_7_278,45.471737
wellbore_chev_no_7_279,47.205536
wellbore_chev_no_7_280,50.99559
wellbore_chev_no_7_281,46.69482
wellbore_chev_no_7_282,38.170197
wellbore_chev_no_7_283,39.147892
wellbore_chev_no_7_284,52.26669
wellbore_chev_no_7_285,55.275265
wellbore_chev_no_7_286,53.694016
wellbore_chev_no_7_287,53.576885
wellbore_chev_no_7_288,50.552673
wellbore_chev_no_7_289,51.77453
wellbore_chev_no_7_290,51.133785
wellbore_chev_no_7_291,51.133785
wellbore_chev_no_7_292,53.694016
wellbore_chev_no_7_293,53.694016
wellbore_chev_no_7_294,51.133785
wellbore_chev_no_7_295,55.329212
wellbore_chev_no_7_296,54.727158
wellbore_chev_no_7_297,53.98483
wellbore_chev_no_7_298,63.194122
wellbore_chev_no_7_299,62.54705
wellbore_chev_no_7_300,42.750797
wellbore_chev_no_7_301,42.750797
wellbore_chev_no_7_302,42.750797
wellbore_chev_no_7_303,39.16558
wellbore_chev_no_7_304,42.95806
wellbore_chev_no_7_305,52.898132
wellbore_chev_no_7_306,40.55121
wellbore_chev_no_7_307,41.644363
wellbore_chev_no_7_308,44.072823
wellbore_chev_no_7_309,40.55121
wellbore_chev_no_7_310,44.072823
wellbore_chev_no_7_311,44.072823
wellbore_chev_no_7_312,44.072823
wellbore_chev_no_7_313,42.386692
wellbore_chev_no_7_314,42.541298
wellbore_chev_no_7_315,42.95806
wellbore_chev_no_7_316,44.072823
wellbore_chev_no_7_317,44.072823
wellbore_chev_no_7_318,44.08478
wellbore_chev_no_7_319,44.08478
wellbore_chev_no_7_320,44.08478
wellbore_chev_no_7_321,45.621708
wellbore_chev_no_7_322,43.58338
wellbore_chev_no_7_323,44.0551
wellbore_chev_no_7_324,40.280342
wellbore_chev_no_7_325,40.55121
wellbore_chev_no_7_326,43.75886
wellbore_chev_no_7_327,43.75886
wellbore_chev_no_7_328,57.240387
wellbore_chev_no_7_329,39.16558
wellbore_chev_no_7_330,40.529602
wellbore_chev_no_7_331,43.75886
wellbore_chev_no_7_332,43.75886
wellbore_chev_no_7_333,42.6441
wellbore_chev_no_7_334,41.644363
wellbore_chev_no_7_335,43.75886
wellbore_chev_no_7_336,45.592026
wellbore_chev_no_7_337,44.477264
wellbore_chev_no_7_338,42.369343
wellbore_chev_no_7_339,42.386692
wellbore_chev_no_7_340,44.0551
wellbore_chev_no_7_341,46.88247
wellbore_chev_no_7_342,44.507793
wellbore_chev_no_7_343,43.75886
wellbore_chev_no_7_344,57.240387
wellbore_chev_no_7_345,55.46182
wellbore_chev_no_7_346,61.108418
wellbore_chev_no_7_347,63.154877
wellbore_chev_no_7_348,60.92393
wellbore_chev_no_7_349,63.293015
wellbore_chev_no_7_350,59.91302
wellbore_chev_no_7_354,49.82838
wellbore_chev_no_7_355,54.831684
wellbore_chev_no_7_356,47.21971
wellbore_chev_no_7_357,37.024246
wellbore_chev_no_7_358,35.801453
wellbore_chev_no_7_359,63.206814
wellbore_chev_no_7_360,52.268337
wellbore_chev_no_7_361,58.923786
wellbore_chev_no_7_362,59.12197
wellbore_chev_no_7_363,60.019054
wellbore_chev_no_7_364,54.33195
wellbore_chev_no_7_365,59.12197
wellbore_chev_no_7_366,50.27864
wellbore_chev_no_7_367,50.27864
wellbore_chev_no_7_368,50.27864
wellbore_chev_no_7_369,58.058685
wellbore_chev_no_7_370,60.65203
wellbore_chev_no_7_371,61.787006
wellbore_chev_no_7_372,60.030388
wellbore_chev_no_7_373,60.65203
wellbore_chev_no_7_374,60.311394
wellbore_chev_no_7_375,58.80479
wellbore_chev_no_7_376,58.80479
wellbore_chev_no_7_377,60.366444
wellbore_chev_no_7_378,60.366444
wellbore_chev_no_7_379,59.371845
wellbore_chev_no_7_380,59.692005
wellbore_chev_no_7_381,59.692005
wellbore_chev_no_7_382,58.714153
wellbore_chev_no_7_383,58.714153
wellbore_chev_no_7_390,76.40264
wellbore_chev_no_7_391,78.4789
wellbore_chev_no_7_392,63.729702
wellbore_chev_no_7_393,70.35745
wellbore_chev_no_7_394,70.35745
wellbore_chev_no_7_395,70.69127
wellbore_chev_no_7_396,58.227608
wellbore_chev_no_7_397,62.457077
wellbore_chev_no_7_398,60.36273
wellbore_chev_no_7_399,60.040512
wellbore_chev_no_7_400,60.040512
wellbore_chev_no_7_401,54.41342
wellbore_chev_no_7_402,58.043346
wellbore_chev_no_7_403,55.67916
wellbore_chev_no_7_404,59.26322
wellbore_chev_no_7_405,61.888058
wellbore_chev_no_7_406,62.563927
wellbore_chev_no_7_407,61.435593
wellbore_chev_no_7_408,62.704315
wellbore_chev_no_7_409,63.832657
wellbore_chev_no_7_410,65.910164
wellbore_chev_no_7_411,61.116302
wellbore_chev_no_7_412,62.840034
wellbore_chev_no_7_413,62.73072
wellbore_chev_no_7_414,66.108635
wellbore_chev_no_7_415,66.108635
wellbore_chev_no_7_416,62.273243
wellbore_chev_no_7_417,63.394535
wellbore_chev_no_7_418,63.30808
wellbore_chev_no_7_419,55.45758
wellbore_chev_no_7_420,55.45758
wellbore_chev_no_7_421,53.01641
wellbore_chev_no_7_422,53.01641
wellbore_chev_no_7_423,62.81516
wellbore_chev_no_7_424,100.69621
wellbore_chev_no_7_425,100.16297
wellbore_chev_no_7_426,92.0025
wellbore_chev_no_7_427,92.48823
wellbore_chev_no_7_428,83.716515
wellbore_chev_no_7_429,92.93855
wellbore_chev_no_7_430,92.93855
wellbore_chev_no_7_431,92.93855
wellbore_chev_no_7_432,78.918465
wellbore_chev_no_7_433,81.20381
wellbore_chev_no_7_434,77.03467
wellbore_chev_no_7_435,77.5331
wellbore_chev_no_7_436,70.986336
wellbore_chev_no_7_437,71.74609
wellbore_chev_no_7_438,69.304924
wellbore_chev_no_7_439,69.80657
wellbore_chev_no_7_440,76.5752
wellbore_chev_no_7_441,71.864525
wellbore_chev_no_7_442,69.01587
wellbore_chev_no_7_443,69.01587
wellbore_chev_no_7_444,70.04441
wellbore_chev_no_7_445,69.63881
wellbore_chev_no_7_446,69.63881
wellbore_chev_no_7_447,69.63881
wellbore_chev_no_7_448,86.00569
wellbore_chev_no_7_449,93.923355
wellbore_chev_no_7_450,79.583595
wellbore_chev_no_7_451,85.57319
wellbore_chev_no_7_452,85.57319
wellbore_chev_no_7_453,89.58568
wellbore_chev_no_7_454,86.789734
wellbore_chev_no_7_455,90.924904
wellbore_chev_no_7_456,90.924904
wellbore_chev_no_7_457,90.924904
wellbore_chev_no_7_458,90.924904
wellbore_chev_no_7_459,82.19344
wellbore_chev_no_7_460,89.74183
wellbore_chev_no_7_461,88.562126
wellbore_chev_no_7_462,89.74183
wellbore_chev_no_7_463,81.068954
wellbore_chev_no_7_464,72.56271
wellbore_chev_no_7_465,74.17713
wellbore_chev_no_7_466,72.56271
wellbore_chev_no_7_467,72.335815
wellbore_chev_no_7_468,70.01888
wellbore_chev_no_7_469,71.6333
wellbore_chev_no_7_470,67.28845
wellbore_chev_no_7_471,66.15217
wellbore_chev_no_7_472,64.99451
wellbore_chev_no_7_473,64.99451
wellbore_chev_no_7_474,66.608925
wellbore_chev_no_7_475,64.78302
wellbore_chev_no_7_476,64.41431
wellbore_chev_no_7_477,59.241657
wellbore_chev_no_7_478,59.241657
wellbore_chev_no_7_479,59.241657
wellbore_chev_no_7_480,59.241657
wellbore_chev_no_7_481,59.241657
wellbore_chev_no_7_483,99.66264
wellbore_chev_no_7_484,97.82333
wellbore_chev_no_7_485,87.979805
wellbore_chev_no_7_486,97.97769
wellbore_chev_no_7_487,98.34521
wellbore_chev_no_7_488,99.1068
wellbore_chev_no_7_489,102.70178
wellbore_chev_no_7_490,84.69628
wellbore_chev_no_7_491,84.698494
wellbore_chev_no_7_492,88.71099
wellbore_chev_no_7_493,88.71099
wellbore_chev_no_7_494,84.698494
wellbore_chev_no_7_495,97.12367
wellbore_chev_no_7_496,97.763756
wellbore_chev_no_7_497,96.60818
wellbore_chev_no_7_498,96.60818
wellbore_chev_no_7_499,83.5395
wellbore_chev_no_7_500,97.408936
wellbore_chev_no_7_501,107.50898
wellbore_chev_no_7_502,108.01622
wellbore_chev_no_7_503,104.64145
wellbore_chev_no_7_504,104.33089
wellbore_chev_no_7_505,104.96972
wellbore_chev_no_7_506,106.25587
wellbore_chev_no_7_507,106.55928
wellbore_chev_no_7_508,97.03148
wellbore_chev_no_7_509,114.509
wellbore_chev_no_7_510,114.509
wellbore_chev_no_7_511,97.4168
wellbore_chev_no_7_512,92.052414
wellbore_chev_no_7_513,89.26929
wellbore_chev_no_7_514,97.203606
wellbore_chev_no_7_515,92.27068
wellbore_chev_no_7_516,89.26605
wellbore_chev_no_7_517,80.49863
wellbore_chev_no_7_518,84.63133
wellbore_chev_no_7_519,80.725204
wellbore_chev_no_7_520,85.032295
wellbore_chev_no_7_521,81.62669
wellbore_chev_no_7_522,87.58679
wellbore_chev_no_7_523,99.90693
wellbore_chev_no_7_524,100.49145
wellbore_chev_no_7_525,102.91929
wellbore_chev_no_7_526,103.48525
wellbore_chev_no_7_527,107.96721
wellbore_chev_no_7_528,101.45453
wellbore_chev_no_7_529,98.29251
wellbore_chev_no_7_530,78.05817
wellbore_chev_no_7_531,65.96557
wellbore_chev_no_7_532,60.686268
wellbore_chev_no_7_533,65.47336
wellbore_chev_no_7_534,73.307274
wellbore_chev_no_7_535,65.79541
wellbore_chev_no_7_536,68.70342
wellbore_chev_no_7_537,61.80103
wellbore_chev_no_7_538,74.422035
wellbore_chev_no_7_539,73.307274
wellbore_chev_no_7_540,68.70342
wellbore_chev_no_7_541,68.70342
wellbore_chev_no_7_542,65.79541
wellbore_chev_no_7_543,60.686268
wellbore_chev_no_7_544,68.70342
wellbore_chev_no_7_545,78.32891
wellbore_chev_no_7_546,84.43114
wellbore_chev_no_7_547,84.43114
wellbore_chev_no_7_548,82.54963
wellbore_chev_no_7_549,72.0744
wellbore_chev_no_7_550,67.5993
wellbore_chev_no_7_551,73.24693
wellbore_chev_no_7_552,79.69009
wellbore_chev_no_7_553,89.3025
wellbore_chev_no_7_554,88.49943
wellbore_chev_no_7_555,91.708595
wellbore_chev_no_7_556,90.01673
wellbore_chev_no_7_557,86.27909
wellbore_chev_no_7_558,90.01673
wellbore_chev_no_7_559,88.86205
wellbore_chev_no_7_560,91.297005
wellbore_chev_no_7_561,86.57634
wellbore_chev_no_7_562,85.85659
wellbore_chev_no_7_563,84.72296
wellbore_chev_no_7_564,85.10097
wellbore_chev_no_7_565,83.735756
wellbore_chev_no_7_566,81.67857
wellbore_chev_no_7_567,86.99611
wellbore_chev_no_7_568,82.15997
wellbore_chev_no_7_569,82.15997
wellbore_chev_no_7_570,83.25676
wellbore_chev_no_7_571,85.792305
wellbore_chev_no_7_572,82.73912
wellbore_chev_no_7_573,83.25676
wellbore_chev_no_7_574,93.131905
wellbore_chev_no_7_575,93.78948
wellbore_chev_no_7_576,95.808044
wellbore_chev_no_7_577,95.191414
wellbore_chev_no_7_578,95.191414
wellbore_chev_no_7_579,93.73956
wellbore_chev_no_7_580,95.808044
wellbore_chev_no_7_581,98.38705
wellbore_chev_no_7_582,100.98488
wellbore_chev_no_7_583,98.36682
wellbore_chev_no_7_584,102.87137
wellbore_chev_no_7_585,104.7786
wellbore_chev_no_7_586,103.5796
wellbore_chev_no_7_587,104.7786
wellbore_chev_no_7_588,100.07549
wellbore_chev_no_7_589,104.11912
wellbore_chev_no_7_590,109.33314
wellbore_chev_no_7_591,111.223595
wellbore_chev_no_7_592,108.59503
wellbore_chev_no_7_593,106.41272
wellbore_chev_no_7_594,106.79578
wellbore_chev_no_7_595,106.79578
wellbore_chev_no_7_596,107.611725
wellbore_chev_no_7_597,96.36238
wellbore_chev_no_7_598,99.04548
wellbore_chev_no_7_599,99.148575
wellbore_chev_no_7_600,102.57099
wellbore_chev_no_7_601,97.52644
wellbore_chev_no_7_602,95.68994
wellbore_chev_no_7_603,99.63301
wellbore_chev_no_7_604,99.63301
wellbore_chev_no_7_605,97.54205
wellbore_chev_no_7_606,102.48336
wellbore_chev_no_7_607,99.68461
wellbore_chev_no_7_608,98.65705
wellbore_chev_no_7_609,99.064865
wellbore_chev_no_7_610,100.554474
wellbore_chev_no_7_611,98.65705
wellbore_chev_no_7_612,98.65705
wellbore_chev_no_7_613,98.65705
wellbore_chev_no_7_614,101.77279
wellbore_chev_no_7_615,104.61125
wellbore_chev_no_7_616,103.820076
wellbore_chev_no_7_617,104.5205
wellbore_chev_no_7_618,103.63336
wellbore_chev_no_7_619,104.61125
wellbore_chev_no_7_620,103.820076
wellbore_chev_no_7_621,103.63336
wellbore_chev_no_7_622,104.52843
wellbore_chev_no_7_623,104.62334
wellbore_chev_no_7_624,104.47506
wellbore_chev_no_7_625,104.58187
wellbore_chev_no_7_626,105.802216
wellbore_chev_no_7_627,105.802216
wellbore_chev_no_7_628,103.70103
wellbore_chev_no_7_629,100.121765
wellbore_chev_no_7_630,100.121765
wellbore_chev_no_7_631,100.121765
wellbore_chev_no_7_632,102.15674
wellbore_chev_no_7_633,98.88718
wellbore_chev_no_7_634,102.42962
wellbore_chev_no_7_635,101.79695
wellbore_chev_no_7_636,101.37966
wellbore_chev_no_7_637,102.405106
wellbore_chev_no_7_638,100.105354
wellbore_chev_no_7_639,100.105354
wellbore_chev_no_7_640,102.31662
wellbore_chev_no_7_641,102.15674
wellbore_chev_no_7_642,99.331314
wellbore_chev_no_7_643,98.623116
wellbore_chev_no_7_644,99.82669
wellbore_chev_no_7_645,99.879326
wellbore_chev_no_7_646,102.17511
wellbore_chev_no_7_647,102.98084
wellbore_chev_no_7_648,99.772285
wellbore_chev_no_7_649,67.859695
wellbore_chev_no_7_650,57.72505
wellbore_chev_no_7_651,59.30438
wellbore_chev_no_7_652,57.745163
wellbore_chev_no_7_653,57.3627
wellbore_chev_no_7_654,57.89503
wellbore_chev_no_7_655,69.81654
wellbore_chev_no_7_656,69.94035
wellbore_chev_no_7_657,69.31871
wellbore_chev_no_7_658,69.63601
wellbore_chev_no_7_659,69.48216
wellbore_chev_no_7_660,74.60969
wellbore_chev_no_7_661,73.67585
wellbore_chev_no_7_662,88.8323
wellbore_chev_no_7_663,92.43236
wellbore_chev_no_7_664,93.347046
wellbore_chev_no_7_665,100.83582
wellbore_chev_no_7_666,81.27004
wellbore_chev_no_7_667,75.56655
wellbore_chev_no_7_668,76.72419
wellbore_chev_no_7_669,58.153675
wellbore_chev_no_7_670,71.30326
wellbore_chev_no_7_671,74.18923
wellbore_chev_no_7_672,50.87399
wellbore_chev_no_7_673,52.14838
wellbore_chev_no_7_674,58.42245
wellbore_chev_no_7_675,75.02278
wellbore_chev_no_7_676,88.61443
wellbore_chev_no_7_677,73.69442
wellbore_chev_no_7_678,84.412285
wellbore_chev_no_7_679,73.743996
wellbore_chev_no_7_680,59.100388
wellbore_chev_no_7_681,62.001236
wellbore_chev_no_7_682,57.140194
wellbore_chev_no_7_683,83.612305
wellbore_chev_no_7_684,77.35052
wellbore_chev_no_7_685,63.7159
wellbore_chev_no_7_686,63.908188
wellbore_chev_no_7_687,64.81279
wellbore_chev_no_7_688,62.176098
wellbore_chev_no_7_689,79.46672
wellbore_chev_no_7_690,82.24141
wellbore_chev_no_7_691,82.05502
wellbore_chev_no_7_692,82.05502
wellbore_chev_no_7_693,82.05502
wellbore_chev_no_7_694,76.39588
wellbore_chev_no_7_695,77.58569
wellbore_chev_no_7_696,94.74305
wellbore_chev_no_7_697,94.74305
wellbore_chev_no_7_698,76.73006
wellbore_chev_no_7_699,82.91762
wellbore_chev_no_7_700,88.69368
wellbore_chev_no_7_701,83.64392
wellbore_chev_no_7_702,73.64107
wellbore_chev_no_7_703,78.14345
wellbore_chev_no_7_704,84.3085
wellbore_chev_no_7_705,87.79217
wellbore_chev_no_7_706,84.08165
wellbore_chev_no_7_707,87.74259
wellbore_chev_no_7_708,84.81777
wellbore_chev_no_7_709,84.917305
wellbore_chev_no_7_710,84.81777
wellbore_chev_no_7_711,84.813034
wellbore_chev_no_7_712,84.86773
wellbore_chev_no_7_713,148.20192
wellbore_chev_no_7_714,147.15466
wellbore_chev_no_7_715,148.18242
wellbore_chev_no_7_716,143.90877
wellbore_chev_no_7_717,150.00742
wellbore_chev_no_7_718,149.2407
wellbore_chev_no_7_719,149.2407
wellbore_chev_no_7_720,149.2407
wellbore_chev_no_7_721,161.60954
wellbore_chev_no_7_722,162.37625
wellbore_chev_no_7_723,134.16582
wellbore_chev_no_7_724,129.77513
wellbore_chev_no_7_725,129.77513
wellbore_chev_no_7_726,89.37034
wellbore_chev_no_7_727,84.76785
wellbore_chev_no_7_728,93.529526
wellbore_chev_no_7_729,80.174675
wellbore_chev_no_7_730,79.84749
wellbore_chev_no_7_731,75.721214
wellbore_chev_no_7_732,84.47928
wellbore_chev_no_7_733,82.07686
wellbore_chev_no_7_734,77.38187
wellbore_chev_no_7_735,80.174225
wellbore_chev_no_7_736,80.174225
wellbore_chev_no_7_737,82.41388
wellbore_chev_no_7_738,82.41388
wellbore_chev_no_7_739,82.58463
wellbore_chev_no_7_740,82.41388
wellbore_chev_no_7_741,76.95355
wellbore_chev_no_7_742,83.48133
wellbore_chev_no_7_743,82.94938
wellbore_chev_no_7_744,82.99851
wellbore_chev_no_7_745,70.48322
wellbore_chev_no_7_746,75.40289
wellbore_chev_no_7_747,75.511406
wellbore_chev_no_7_748,75.61829
wellbore_chev_no_7_749,71.468216
wellbore_chev_no_7_750,74.14959
wellbore_chev_no_7_751,70.22912
wellbore_chev_no_7_752,66.27457
wellbore_chev_no_7_753,70.067566
wellbore_chev_no_7_754,71.90253
wellbore_chev_no_7_755,81.81145
wellbore_chev_no_7_756,66.82299
wellbore_chev_no_7_757,63.37751
wellbore_chev_no_7_758,66.82299
wellbore_chev_no_7_759,69.62041
wellbore_chev_no_7_760,69.62041
wellbore_chev_no_7_761,70.060974
wellbore_chev_no_7_762,74.946526
wellbore_chev_no_7_763,77.86868
wellbore_chev_no_7_764,83.605515
wellbore_chev_no_7_765,73.599205
wellbore_chev_no_7_766,71.6724
wellbore_chev_no_7_767,71.62327
wellbore_chev_no_7_768,70.64023
wellbore_chev_no_7_769,74.668175
wellbore_chev_no_7_770,72.49772
wellbore_chev_no_7_771,71.62327
wellbore_chev_no_7_772,69.70908
wellbore_chev_no_7_773,77.97799
wellbore_chev_no_7_774,69.65995
wellbore_chev_no_7_775,67.81427
wellbore_chev_no_7_776,67.89218
wellbore_chev_no_7_777,65.68579
wellbore_chev_no_7_778,72.83997
wellbore_chev_no_7_779,70.192345
wellbore_chev_no_7_780,62.007885
wellbore_chev_no_7_781,68.31077
wellbore_chev_no_7_782,72.084496
wellbore_chev_no_7_783,69.826515
wellbore_chev_no_7_784,65.413
